5,abandono,"abandonment, desertion"
8,abismo,"abyss, large gap"
9,abogado,lawyer
11,aborto,abortion
13,abrazo,"hug, embrace"
14,abrigo,"overcoat, shelter"
15,abril,April
22,abuela,grandmother
23,abuelo,grandfather
24,abundancia,abundance
30,abuso,"abuse, misuse"
33,academia,academy
39,acceso,"access, entry"
40,accidente,"accident, irregularity"
41,acción,"action, act, deed"
42,aceite,oil
44,acento,"accent, stress"
47,aceptación,"acceptance, approval"
49,acera,sidewalk
52,acero,steel
54,ácido,acid
61,acontecimiento,"event, happening"
63,acorde,"agreement, accord"
66,acta,"(el) (meeting) proceedings, minutes"
67,actitud,attitude
69,actividad,"activity, action"
71,acto,"act, action"
72,actor,actor
73,actriz,actress
74,actuación,"performance, acting"
76,actualidad,present (time)
77,actualización,"update, modernization"
82,acuerdo,"accord, de a.: in agreement"
83,acumulación,accumulation
85,acusación,"accusation, charge"
86,acusado,"defendant, accused"
88,adaptación,adaptation
93,ademán,"gesture, expression"
98,adiós,goodbye
100,administración,administration
101,administrador,"administrator, manager"
105,admiración,admiration
108,adolescencia,adolescence
109,adolescente,adolescent
111,adopción,adoption
115,adorno,"decoration, adornment"
117,adquisición,acquisition
118,adulto,"adult, grown-up"
119,adversario,adversary
120,advertencia,"warning, notice"
123,aeropuerto,airport
124,afán,"eagerness, zeal, effort"
126,afecto,"affection, fondness"
128,afición,"fondness, interest"
129,aficionado,"fan, devotee"
131,afirmación,"statement, assertion"
140,agencia,"agency, branch"
141,agenda,"diary, agenda, schedule"
142,agente,agent
144,agosto,August
153,agresión,"aggression, attack"
156,agricultor,farmer
157,agricultura,"agriculture, farming"
158,agrupación,"group, association"
160,agua,(el) water
164,aguja,"needle, spire, stylus"
165,agujero,"hole, opening"
171,ahorro,"saving, thrift"
172,aire,"air, wind, appearance"
174,aislamiento,isolation
176,ajedrez,chess
179,ajuste,"adustment, settlement"
180,ala,"(el) wing, flank"
181,alambre,wire
182,alarma,alarm
184,alba,"(el) dawn, daybreak"
186,alcalde,mayor
187,alcance,"reach, scope"
189,alcohol,alcohol
190,aldea,small village
194,alegría,"joy, happiness"
198,alerta,alert
200,alfombra,"rug, carpet, mat"
201,algo,"something, somewhat"
202,algodón,cotton
203,alguien,"somebody, someone, anyone"
205,aliado,ally
206,alianza,alliance
207,aliento,"breath, courage, spirit"
208,alimentación,"feeding, food"
211,alimento,"food, nourishment"
213,alivio,"relief, unburdening"
216,alma,(el) soul
217,almacén,"warehouse, store"
219,almohada,pillow
221,almuerzo,lunch
224,alquiler,"rent, rental"
225,alrededor,"surrounding area, vicinity"
228,altar,altar
229,alteración,"alteration, change"
232,alternativa,alternative
235,altura,"height, altitude"
237,alumno,"student, pupil"
238,alusión,"allusion, hint"
240,ama,"housekeeper, housewife"
242,amanecer,"daybreak, dawn"
244,amante,lover
247,amargura,"bitterness, sorrow"
251,ambición,ambition
254,ambiente,"environment, atmosphere"
255,ámbito,"sphere, space"
257,amenaza,threat
260,amiga,friend (f)
261,amigo,friend
262,amistad,friendship
263,amo,"master, boss (m)"
265,amor,love
268,amparo,"protection, shelter"
269,ampliación,"enlargement, extension"
274,análisis,analysis
275,analista,analyst
278,ancho,width
279,anciano,old person
283,anécdota,anecdote
284,ángel,angel
285,ángulo,angle
286,angustia,"anguish, distress"
287,anhelo,"longing, yearning"
288,anillo,(finger) ring
290,animal,animal
292,ánimo,"zest, spirit, heart"
293,aniversario,anniversary
294,año,year
298,ansia,"(el) anxiety, anguish"
299,ansiedad,anxiety
302,antecedente,antecedent
304,antena,antenna
305,anteojo,"telescope, eyeglasses"
306,antepasado,ancestor
311,antigüedad,"antiquity, seniority"
316,anuncio,"advertisement, announcement"
319,aparato,"apparatus, device"
323,aparición,"appearance, apparition"
324,apariencia,"appearance, aspect"
325,apartamento,apartment
330,apellido,last name
332,apertura,"opening, beginning"
333,apetito,appetite
336,aplauso,"applause, praise, acclaim"
337,aplicación,application
341,aportación,"contribution, support"
343,aporte,contribution
345,apóstol,apostle
347,apoyo,"support, backing"
350,aprendizaje,"learning, apprenticeship"
354,aprobación,"approval, consent"
361,apuesta,"wager, bet"
363,apunte,"note, annotation"
365,apuro,"trouble, predicament"
367,aquél,that one over there (m)
368,aquello,that over there (n)
371,araña,spider
372,árbitro,"umpire, referee"
373,árbol,tree
374,archivo,"archive, file, filing cabinet"
375,arco,"arch, arc, bow"
378,área,"(el) area, zone"
379,arena,sand
382,argumento,"argument, plot"
383,arma,(el) weapon
386,armario,"closet, cupboard"
387,armonía,harmony
388,aroma,aroma
390,arquitecto,architect
392,arquitectura,architecture
397,arreglo,arrangement
403,arroyo,"brook, stream, gutter"
404,arroz,rice
405,arruga,wrinkle
409,arte,"art, skill"
410,artesano,"artisan, craftsman"
411,articulación,"articulation, joint"
413,artículo,"article, product, item"
415,artista,"artist, performer"
418,asalto,"assault, robbery"
419,asamblea,assembly
421,ascenso,"promotion, climb"
422,ascensor,elevator
423,asco,disgust
425,asentamiento,"settlement, colony"
429,asesinato,"murder, assassination"
430,asesino,"killer, assassin"
431,asesor,"adviser, consultant"
434,asiento,"seat, chair"
436,asignatura,"subject, course"
439,asistencia,"attendance, assistance"
440,asistente,assistant
442,asociación,association
447,asombro,"amazement, astonishment"
449,aspecto,"aspect, appearance"
451,aspiración,"ambition, aspiration"
452,aspirante,"candidate, applicant"
455,asunto,"matter, issue, affair"
459,ataque,"attack, raid"
461,atardecer,"evening, dusk"
462,ataúd,"coffin, casket"
463,atención,attention
465,atentado,"(terrorist) attack, offence"
468,atleta,athlete
469,atmósfera,"atmosphere, environment"
471,átomo,atom
473,atracción,attraction
481,atributo,"attribute, quality"
482,audiencia,"audience, hearing"
483,auditorio,"hearing, auditorium"
484,auge,"peak, boom"
485,aula,(el) classroom
487,aumento,"increase, rise"
491,ausencia,absence
493,auto,"auto, car"
494,autobús,bus
497,automóvil,automobile
498,autonomía,"autonomy, range"
500,autor,"writer, author"
501,autoridad,authority
502,autorización,authorization
505,auxiliar,"aide, auxiliary"
506,auxilio,"help, aid, assistance"
507,avance,"advance, progress"
510,ave,bird
511,avenida,avenue
512,aventura,adventure
515,avión,"plane, airplane, aircraft"
517,aviso,warning
518,ay,"oh no!, oh my!"
520,ayuda,"help, aid"
521,ayudante,"helper, assistant"
523,ayuntamiento,"city council, town hall"
524,azar,"random, chance, hazard"
525,azúcar,sugar
527,bachillerato,academic degree
528,bacteria,"germ, bacteria"
529,bahía,bay
531,bailarín,dancer
532,baile,"dance, ball"
536,bala,"bullet, shot"
537,balance,"outcome, balance"
538,balcón,balcony
539,ballet,ballet
540,balón,ball
542,banca,"bank, banking"
544,banco,"(financial) bank, bench"
545,banda,"(musical) band, sash"
546,bandeja,tray
547,bandera,flag
548,bando,"faction, side"
549,baño,"bathroom, bath, swim"
550,bar,"(snack) bar, café"
552,barba,beard
553,barbaridad,atrocity
555,barco,"boat, ship"
556,barra,"bar, rod, rail"
558,barrera,"barrier, obstacle"
559,barrio,"neighborhood, district"
560,barro,"clay, mud"
563,base,"base, basis"
568,basura,"garbage, rubbish"
569,batalla,battle
570,batería,"battery, gun deck"
573,bebé,baby
575,bebida,"drink, beverage"
576,beca,"scholarship, grant"
577,belleza,beauty
580,bendición,"blessing, benediction"
582,beneficio,"benefit, profit"
584,beso,kiss
585,bestia,"beast, brute"
586,biblia,Bible
588,biblioteca,library
589,bicho,"bug, creature"
590,bicicleta,bicycle
592,bien,"goods, property, benefit"
593,bienes,"goods, property"
594,bienestar,"well-being, welfare"
595,bienvenida,"welcome, greeting"
597,bigote,mustache
598,billete,"ticket, bill, note"
599,biografía,biography
600,biología,biology
604,blog,blog
605,bloque,block
607,bloqueo,"blockade, block"
608,boca,"mouth, entrance, opening"
609,boda,"marriage, wedding"
610,bodega,"cellar, pantry, warehouse"
611,bola,"ball, sphere"
613,bolsa,"bag, purse, stock exchange"
614,bolsillo,pocket
615,bolso,"bag, purse"
616,bomba,"bomb, explosion, pump"
617,bombero,firefighter
618,bondad,"goodness, kindness"
620,bono,"bond, certificate, voucher"
622,borde,edge
625,bosque,forest
626,bota,"boot, wineskin"
627,bote,"boat, container"
628,botella,"bottle, flask"
629,botón,button
630,bóveda,"vault, dome"
633,brazo,arm
637,brillo,"shine, twinkling, sparkle"
639,brisa,"breeze, air"
641,broma,joke
642,bronce,bronze
644,bruja,"witch, hag"
650,buey,ox
651,bulto,"bulk, shape"
652,buque,"ship, vessel, hull"
653,burbuja,bubble
654,burla,"mockery, joke, trick"
656,burro,donkey
657,busca,"search, hunt"
659,búsqueda,search
660,caballero,"gentleman, knight"
661,caballo,horse
662,cabecera,"head, header"
663,cabellera,hair
664,cabello,hair
666,cabeza,head (part of body)
667,cable,"cable, wiring"
668,cabo,"end, bit, llevar a c.: to carry out"
670,cadáver,"corpse, body"
671,cadena,chain
672,cadera,hip
674,café,"coffee, cafe"
676,caída,"fall, drop, falling"
677,caja,"bank, box, safe"
678,cajón,drawer
680,cálculo,"calculation, calculus"
681,calendario,calendar
683,calidad,quality
686,calificación,"evaluation, qualification"
690,calle,street
691,calma,"calm, lull"
693,calor,"heat, warmth"
695,cama,bed (furniture)
696,cámara,"camera, chamber"
698,cambio,"change, en c: instead"
700,camino,"road, route, path"
701,camión,"truck, van, tanker"
702,camioneta,"van, bus"
703,camisa,shirt
704,camiseta,T-shirt
705,campamento,"camp, camping"
706,campana,bell
707,campaña,campaign
708,campeón,champion
709,campeonato,championship
710,campesino,"peasant, farmer"
711,campo,"field, country"
712,caña,"cane, reed"
714,canal,"channel, canal"
716,cáncer,cancer
717,cancha,"playing field, court"
718,canciller,"chancellor, ambassador"
719,canción,song
720,candidato,candidate
721,candidatura,candidacy
722,cañón,"canyon, cannon"
724,cansancio,"tiredness, weariness"
726,cantante,singer
728,cantidad,"quantity, amount"
729,canto,"singing, chant"
730,caos,chaos
731,capa,"layer, coat"
732,capacidad,capacity
733,capacitación,training
736,capilla,chapel
737,capital,"capital, city (f), money (m)"
738,capitalismo,capitalism
740,capitán,"captain, chief"
741,capítulo,chapter
742,capricho,"caprice, whim"
744,captura,"capture, snapshot, screenshot"
746,cara,"face, expression"
747,caracol,"snail, shell"
748,carácter,"personality, nature"
749,característica,"characteristic, aspect"
752,carbón,"coal, charcoal"
753,carbono,"carbon, coal"
754,carcajada,"hearty laughter, guffaw"
755,cárcel,"jail, prison"
756,cardenal,cardinal
758,carencia,"lack, shortage"
759,carga,"load, charge, cargo"
761,cargo,"position, charge, fee"
762,caricia,"caress, stroke"
763,caridad,charity
764,cariño,"love, affection"
766,carnaval,carnival
767,carne,"meat, flesh"
769,carpeta,"folder, file"
770,carrera,"career, course, race"
771,carreta,"cart, wagon"
772,carretera,"highway, road"
773,carro,"car, cart"
774,carta,"letter, (playing) card"
775,cartel,poster
776,cartera,"wallet, satchel"
777,cartón,"cardboard, carton, sketch"
778,casa,house
781,casco,helmet
784,casita,cottage
785,caso,"case, occasion"
788,castigo,"punishment, penalty"
789,castillo,castle
790,casualidad,"chance, coincidence"
792,catálogo,catalog
793,catástrofe,catastrophe
794,cátedra,academic chair
795,catedral,cathedral
796,categoría,category
798,catorce,fourteen
799,cauce,"(river) bed, ditch"
800,causa,cause
802,caza,hunting (game)
803,cazador,hunter
806,ceja,"eyebrow, brow"
807,celda,cell
808,celebración,celebration
813,celo,"jealousy, zeal"
814,célula,cell (biology)
815,cementerio,"cemetery, graveyard"
816,cemento,"cement, concrete"
817,cena,dinner
819,ceniza,ash
820,censura,"censorship, criticism"
821,centavo,cent
822,centenar,hundred
823,centímetro,centimeter
826,centro,"center, middle, downtown"
827,cerámica,"ceramics, pottery"
829,cercanía,"nearness, proximity"
831,cerdo,"pig, sow, slob"
833,cerebro,brain
834,ceremonia,ceremony
835,cero,"zero, naught, nil"
838,cerro,hill
839,certeza,certainty
840,certificado,certificate
841,cerveza,"beer, ale"
843,chaqueta,jacket
844,charco,"pool, puddle"
845,charla,"talk, chat"
847,cheque,check
848,chica,"girl, female"
849,chico,boy
851,chimenea,"chimney, fireplace"
853,chiquillo,"kid, youngster"
855,chispa,spark
856,chiste,"joke, funny story"
858,chocolate,chocolate
859,choque,"crash, collision"
860,chorro,"stream, jet, spurt"
862,cicatriz,scar
863,ciclo,cycle
865,cielo,"sky, heaven, ceiling"
866,ciencia,"science, knowledge"
868,científico,scientist
869,ciento,hundred
870,cierre,"zipper, closing"
873,cifra,"figure, number, amount"
874,cigarrillo,cigarette
875,cigarro,"cigarette, cigar"
876,cima,"summit, peak, top"
877,cinco,five
878,cincuenta,fifty
879,cine,"cinema, US movie theater"
881,cinta,"tape, ribbon, film, strip"
882,cintura,waist
883,cinturón,belt
884,circo,circus
885,circuito,"circuit, circumference, track"
886,circulación,"circulation, traffic"
888,círculo,"circle, club"
889,circunstancia,circumstance
890,cirugía,surgery
891,cita,"appointment, date, quotation"
893,ciudad,city
894,ciudadanía,"citizenship, citizens"
895,ciudadano,citizen
898,civilización,civilization
900,claridad,"clearness, clarity"
903,clase,"kind, class, order"
905,clasificación,classification
908,clave,key
909,clavo,"nail, tack, peg"
910,clic,click
911,cliente,"client, customer"
912,clima,climate
914,clínica,clinic
916,club,"club, society"
917,coalición,coalition
918,cobertura,coverage
920,cobre,copper
921,coca,"cocaine, coke"
922,coche,"car, carriage"
923,cocina,kitchen
925,coco,coconut
926,código,code
927,codo,elbow
930,coincidencia,coincidence
932,cola,"line, queue, tail"
933,colaboración,collaboration
934,colaborador,collaborator
937,colchón,mattress
938,colección,collection
940,colectivo,"collective, group"
941,colega,colleague
942,colegio,"(high) school, college"
945,colina,"hill, slope"
946,collar,"collar, necklace"
947,colmo,"climax, para c.: to top it all"
950,colonia,"colony, cologne"
952,color,color
954,columna,"column, spine"
955,comandante,"commander, commanding officer"
956,comando,"command, order"
957,combate,"combat, battle, fight"
959,combinación,combination
961,combustible,fuel
962,comedia,"comedy, play, pretense"
963,comedor,dining room
965,comentario,"remark, comment"
969,comerciante,"merchant, businessperson"
970,comercio,"commerce, trade"
973,comida,"food, meal"
974,comienzo,"start, beginning"
975,comisaría,police station
976,comisario,"commissioner, delegate"
977,comisión,"commission, committee"
978,comité,"committee, commission"
979,como,"like, as"
981,comodidad,"comfort, convenience"
984,compañero,"companion, classmate"
985,compañía,company
986,comparación,comparison
989,compás,"rhythm, time, compass"
990,compasión,compassion
991,compatriota,fellow countryman
992,compensación,compensation
994,competencia,"competition, contest"
996,competición,"competition, contest"
1000,complejidad,complexity
1002,complejo,complex
1005,complemento,"complement, supplement"
1009,complicación,complication
1012,cómplice,accomplice
1013,complicidad,"involvement, complicity"
1014,componente,"component, ingredient"
1016,comportamiento,"behavior, conduct"
1018,composición,"composition, makeup, essay"
1019,compositor,composer
1020,compra,"shopping, buy, purchase"
1021,comprador,buyer
1024,comprensión,understanding
1028,compromiso,"compromise, engagement"
1030,computadora,computer
1032,comunicación,communication
1033,comunicado,"statement, announcement"
1035,comunidad,community
1036,comunión,communion
1037,comunismo,communism
1043,concentración,"concentration, gathering"
1045,concepción,conception
1046,concepto,concept
1047,concesión,"awarding, concession"
1048,concha,shell
1049,conciencia,"conscience, consciousness"
1050,concierto,"concert, concerto"
1052,conclusión,"conclusion, end"
1057,concurso,"competition, gathering"
1058,conde,count
1059,condena,"sentence (in prison), penalty"
1061,condición,condition
1064,conducta,"conduct, behavior"
1065,conductor,"driver, conductor"
1067,conejo,rabbit
1068,conexión,"connection, relationship"
1069,confederación,"confederation, alliance"
1070,conferencia,"conference, lecture"
1072,confesión,"confession, admission"
1073,confianza,"confidence, trust"
1075,configuración,"configuration, shape"
1078,conflicto,conflict
1082,confusión,confusion
1085,congregación,congregation
1086,congreso,congress
1087,conjunto,"group, set"
1089,conmigo,with me
1093,conocimiento,knowledge
1094,conquista,conquest
1098,consecuencia,consequence
1101,consejero,"advisor, counselor"
1102,consejo,"advice, council, counsel"
1103,consenso,"consensus, consent"
1105,conservación,conservation
1109,consideración,"consideration, regard"
1111,consigna,"watchword, motto, slogan"
1112,consiguiente,por c.: consequently
1114,consola,console
1117,constancia,perseverance
1122,constitución,constitution
1125,construcción,construction
1126,constructor,"builder, construction"
1128,consuelo,"comfort, consolation"
1129,consulta,"consultation, advice"
1131,consumidor,consumer
1133,consumo,consumption
1135,contacto,contact
1137,contaminación,"contamination, pollution"
1143,contenido,"contents, content"
1146,contexto,context
1147,contigo,with you
1149,continente,continent
1150,continuación,"continuation, follow-up"
1153,continuidad,continuity
1155,contorno,"outline, perimeter, edge"
1157,contradicción,contradiction
1162,contraste,contrast
1163,contratación,"hiring, recruitment"
1165,contrato,"contract, agreement"
1166,contribución,contribution
1168,control,control
1170,controversia,controversy
1173,convención,"convention, assembly"
1175,conveniencia,"convenience, usefulness"
1177,convenio,agreement
1179,convento,"convent, monastery"
1180,conversación,conversation
1182,conversión,"conversion, change"
1184,convicción,conviction
1185,convivencia,"coexistence, living together"
1188,convocatoria,"call, summons"
1189,cooperación,cooperation
1190,cooperativa,"cooperative, co-op"
1191,coordinación,coordination
1192,coordinador,"coordinator, organizer"
1194,copa,"cup, glass, top (tree)"
1195,copia,copy
1197,coraje,"courage, toughness"
1198,corazón,"heart, core"
1199,corbata,"tie, sash"
1200,cordillera,mountain range
1201,cordón,"cord, yarn, braid"
1202,coro,"choir, chorus"
1203,corona,crown
1205,coronel,colonel
1206,corporación,corporation
1208,corral,"corral, yard"
1209,corrección,"correction, amendment"
1212,corredor,"broker, corridor, runner"
1214,correo,"mail, post (office)"
1216,correspondencia,"correspondence, connection"
1219,corriente,"current, flow"
1221,corrupción,corruption
1224,corteza,"bark, crust, rind, peel"
1225,cortina,"curtain, screen"
1227,cosa,thing
1228,cosecha,"harvest, crop"
1230,cosita,little thing
1231,costa,coast
1232,costado,"side, flank"
1235,coste,"cost, price"
1237,costo,"price, cost, expense"
1239,costumbre,"habit, custom, usage"
1241,cráneo,"skull, cranium"
1242,creación,creation
1243,creador,creator
1245,creatividad,creativity
1249,crecimiento,"growth, increase"
1250,credibilidad,credibility
1251,crédito,"credit, reputation"
1252,creencia,belief
1254,crema,cream
1255,creyente,"believer, follower"
1256,cría,"breeding, raising"
1258,criatura,"creature, child"
1259,crimen,"crime, murder"
1261,crisis,crisis
1262,cristal,"glass, crystal, window"
1263,cristianismo,Christianity
1265,criterio,criterion
1266,crítica,"criticism, critique"
1269,crítico,critic
1270,crónica,"account, chronicle"
1272,cruce,"crossing, intersection"
1276,cruz,"cross, burden"
1279,cuaderno,"notebook, workbook"
1280,cuadra,(city) block
1282,cuadro,"painting, picture"
1283,cual,"which, who, whom"
1284,cuál,which?
1285,cualidad,"quality, attribute"
1291,cuarenta,forty
1292,cuartel,"quarters, barracks"
1293,cuarto,"room, chamber"
1295,cuatro,four
1297,cubierta,"covering, top, lid"
1300,cuchillo,knife
1301,cuello,"neck, collar"
1302,cuenca,"socket, basin, bowl"
1303,cuenta,"bill, account"
1304,cuento,"story, tale"
1305,cuerda,"cord, rope"
1306,cuerno,"horn, antler"
1307,cuero,"leather, skin"
1308,cuerpo,body
1309,cuestión,"question, matter"
1311,cueva,cave
1312,cuidado,"care, carefulness"
1316,culo,"bottom, butt"
1317,culpa,"blame, fault"
1320,cultivo,"cultivation, crop"
1321,culto,"worship, cult"
1323,cultura,culture
1325,cumbre,"summit, top"
1326,cumpleaños,birthday
1327,cumplimiento,"fulfillment, compliment"
1329,cuna,"cradle, birth, lineage"
1330,cuñado,brother-in-law
1331,cuota,"quota, share, dues"
1332,cúpula,"cupola, dome"
1333,cura,"priest (m), cure (f)"
1336,curiosidad,"curiosity, quaintness"
1338,curso,"course, direction"
1339,curva,curve
1340,cuyo,whose
1341,dado,d. que: given that
1342,dama,"lady, dame"
1344,daño,"harm, injury, damage"
1345,danza,dance
1348,dato,"data, fact"
1351,debate,debate
1354,deber,"duty, obligation"
1357,debilidad,weakness
1359,década,decade
1360,decadencia,"decline, decay"
1361,decena,ten (of something)
1367,decisión,decision
1369,declaración,"declaration, statement"
1371,decoración,decoration
1374,decreto,"decree, order"
1375,dedicación,"dedication, devotion"
1377,dedo,"finger, toe, digit"
1379,defecto,defect
1381,defensa,"defense, plea"
1383,defensor,defender
1384,deficiencia,"deficiency, lack"
1385,déficit,"deficit, shortage"
1386,definición,definition
1393,delegación,delegation
1394,delegado,"delegate, representative"
1398,delincuente,delinquent
1399,delirio,"delirium, nonsense"
1400,delito,"crime, offense"
1401,demanda,"petition, request, demand"
1405,democracia,democracy
1407,demonio,"demon, devil"
1409,demostración,demonstration
1411,denominación,"name, denomination"
1413,densidad,"density, thickness"
1416,denuncia,accusation
1418,departamento,"department, apartment"
1419,dependencia,"dependence, dependency"
1421,deporte,sport
1424,depósito,"deposit, sediment"
1425,depresión,"depression, slump"
1426,derecha,"right, right hand"
1427,derecho,"right, justice, law"
1432,derrota,"defeat, loss"
1436,desafío,"challenge, provocation"
1439,desaparición,disappearance
1441,desarrollo,development
1442,desastre,disaster
1445,desayuno,breakfast
1449,descanso,"rest, interval, break"
1450,descarga,"unloading, discharge"
1454,descendiente,descendant
1455,descenso,"decline, descent, lowering"
1457,desconfianza,distrust
1461,descripción,description
1462,descubrimiento,discovery
1465,descuido,"neglect, oversight"
1470,desempeño,"performance, achievement"
1471,desempleo,unemployment
1474,deseo,"desire, wish"
1475,desesperación,"desperation, exasperation"
1478,desfile,"parade, line, formation"
1479,desgracia,"misfortune, bad luck"
1482,desierto,desert
1485,desigualdad,"inequality, unevenness"
1488,desorden,"disorder, mess"
1489,despacho,"office, study"
1491,despedida,"goodbye, farewell"
1496,desplazamiento,"movement, removal"
1501,desprecio,"contempt, disdain"
1506,destino,"destination, destiny"
1508,destrucción,destruction
1514,detalle,detail
1516,detención,"detention, arrest"
1518,detenido,"prisoner, detainee"
1520,deterioro,"deterioration, damage"
1521,determinación,determination
1525,deuda,debt
1526,devoción,devotion
1529,día,day
1530,diabetes,diabetes
1531,diablo,devil
1532,diagnóstico,diagnosis
1534,diálogo,"dialogue, conversation"
1535,diámetro,diameter
1537,diario,newspaper
1540,dibujo,"drawing, sketch"
1541,diccionario,dictionary
1543,diciembre,December
1544,dictador,dictator
1545,dictadura,dictatorship
1547,diecinueve,nineteen
1548,dieciocho,eighteen
1549,dieciséis,sixteen
1550,diecisiete,seventeen
1551,diente,"tooth, cog"
1552,dieta,diet
1553,diez,ten
1554,diferencia,difference
1560,dificultad,"difficulty, obstacle"
1563,difunto,deceased
1564,difusión,"spread, diffusion"
1566,dignidad,dignity
1569,dimensión,"dimension, size"
1571,dinámica,dynamics
1573,dinastía,dynasty
1574,dinero,money
1575,dios,"god, divinity"
1576,diosa,goddess
1578,diputado,"deputy, member"
1579,dirección,"direction, address"
1581,directivo,"executive, manager"
1584,director,"director, manager, principal"
1585,dirigente,"leader, director, manager"
1587,disciplina,"discipline, subject"
1588,discípulo,disciple
1589,disco,"disc, disk, record"
1591,discriminación,discrimination
1592,disculpa,"apology, excuse"
1594,discurso,"lecture, discourse, talk"
1595,discusión,"discussion, argument"
1597,diseñador,"designer, stylist"
1599,diseño,design
1602,disgusto,"disgust, annoyance"
1604,disminución,"reduction, decrease"
1608,disparo,"shot, discharge"
1611,disponibilidad,availability
1613,disposición,"disposal, disposition"
1614,dispositivo,"device, mechanism"
1616,disputa,"dispute, argument, quarrel"
1618,distancia,distance
1620,distinción,distinction
1624,distribución,distribution
1626,distrito,"district, area"
1627,diversidad,"diversity, variety"
1628,diversión,"fun, entertainment"
1634,divisa,"currency, emblem"
1636,división,division
1637,divorcio,divorce
1640,doce,twelve
1641,docena,dozen
1642,docente,teacher
1643,doctor,doctor
1644,doctrina,"doctrine, teachings"
1645,documentación,documentation
1647,documento,document
1648,dólar,dollar
1650,dolor,"pain, ache, sorrow"
1653,domicilio,"residence, address"
1656,domingo,Sunday
1658,dominio,"power, control"
1659,don,"courtesy title (m), Mr., gift"
1660,doña,"courtesy title (f), Mrs."
1661,donación,donation
1667,dormitorio,"bedroom, dormitory"
1668,dos,two
1669,doscientos,two hundred
1670,dosis,dose
1672,drama,drama
1674,droga,drug
1675,duda,doubt
1678,duelo,"grief, affliction"
1679,dueña,"landlady, owner (f)"
1680,dueño,"owner, landlord (m)"
1682,dulce,"candy, sweets"
1684,duque,duke
1685,duración,"duration, length"
1688,dureza,"hardness, toughness"
1691,eco,"echo, response"
1693,economía,"economy, economics, thriftiness"
1696,economista,economist
1697,ecosistema,ecosystem
1698,ecuación,equation
1699,edad,age
1700,edición,"edition, publication"
1701,edificio,building
1703,editor,"editor, publisher"
1706,educación,education
1711,efecto,effect
1713,eficacia,"efficiency, effectiveness"
1715,eficiencia,efficiency
1717,eh,eh
1718,eje,"axis, shaft, crux"
1719,ejecución,"performance, execution"
1722,ejecutivo,"executive, manager"
1723,ejemplar,"copy, issue"
1724,ejemplo,example
1726,ejercicio,"exercise, practice"
1727,ejército,army
1729,él,"he, [ellos] them (m)"
1730,elaboración,production
1733,elección,"election, choice"
1735,electricidad,electricity
1737,electrón,electron
1739,elegancia,"elegance, style"
1743,elemento,element
1746,eliminación,elimination
1748,ella,"she, [ellas] them (f)"
1749,ello,it (subj-n)
1750,embajada,embassy
1751,embajador,ambassador
1753,embarazo,pregnancy
1754,embarcación,"ship, embarkation"
1757,emergencia,emergency
1760,emisión,"broadcast, emission"
1761,emisor,"transmitter, emitter"
1763,emoción,"emotion, excitement"
1768,empeño,"insistence, determination"
1769,emperador,emperor
1771,empleado,employee
1773,empleo,"work, job, occupation"
1775,empresa,"firm, company, venture"
1777,empresario,"manager, entrepreneur"
1783,encaje,lace
1787,encanto,"charm, spell"
1789,encargado,"manager, person in charge"
1791,encargo,"job, order, errand"
1795,encierro,"confinement, imprisonment"
1799,encuentro,"meeting, game, skirmish"
1800,encuesta,"poll, survey, inquiry"
1802,enemigo,enemy
1804,energía,"energy, power"
1805,enero,January
1806,énfasis,emphasis
1809,enfermedad,"illness, sickness"
1810,enfermero,nurse
1813,enfoque,"focus, approach"
1814,enfrentamiento,confrontation
1819,engaño,"deceit, falsehood, hoax"
1820,enlace,"link, connection, bond"
1830,ensayo,"essay, rehearsal"
1832,enseñanza,"teaching, instruction"
1834,ente,"entity, being, firm"
1836,entendimiento,understanding
1840,entidad,entity
1841,entierro,burial
1844,entorno,"environment, surroundings"
1846,entrada,"entrance, admission ticket"
1847,entrañas,"insides, bowels"
1850,entrega,delivery
1852,entrenador,"coach, trainer, manager"
1853,entrenamiento,training
1856,entretenimiento,entertainment
1858,entrevista,"interview, meeting"
1861,entusiasmo,enthusiasm
1864,envidia,envy
1866,envío,"shipment, delivery"
1868,episodio,"episode, incident"
1869,época,"time, age, period"
1871,equilibrio,balance
1872,equipo,"team, equipment, outfit"
1873,equivalente,equivalent
1877,error,"error, mistake"
1878,escala,"scale, ladder, rank"
1879,escalera,"stairs, ladder"
1880,escalón,"stair, rung,"
1881,escándalo,scandal
1883,escasez,"scarcity, shortage"
1885,escena,"scene, stage, setting"
1886,escenario,"stage, setting, scene"
1887,esclavitud,slavery
1888,esclavo,slave
1894,escritor,writer
1895,escritorio,"desk, bureau"
1896,escritura,"writing, scripture"
1898,escudo,"shield, coat of arms"
1899,escuela,school
1900,escultura,"sculpture, carving"
1904,ése,"that one (m), [ésa (f)]"
1905,esencia,essence
1908,esfera,"sphere, globe"
1910,esfuerzo,"effort, endeavor"
1911,eso,that (n)
1913,espacio,"space, room"
1914,espada,sword
1915,espalda,back (body)
1918,espanto,"fright, ghost"
1921,especialidad,"specialty, specialized field"
1922,especialista,specialist
1926,especie,"kind, sort, species"
1931,espectáculo,"spectacle, show"
1932,espectador,"spectator, onlooker"
1933,espectro,"ghost, specter"
1934,especulación,"speculation, conjecture"
1935,espejo,"mirror, reflection"
1936,espera,wait
1937,esperanza,hope
1941,espina,"thorn, spine"
1942,espíritu,"spirit, ghost"
1945,esplendor,splendor
1947,esposa,wife
1948,esposo,"husband, spouse"
1949,espuma,"foam, lather"
1950,esquema,"outline, diagram, plan"
1951,esquina,corner
1952,estabilidad,stability
1955,establecimiento,establishment
1956,estación,"station, season"
1957,estadio,stadium
1958,estadística,statistic
1960,estado,"state, condition, status"
1963,estancia,"stay, stance, ranch"
1966,estatua,statue
1967,estatura,"stature, height"
1968,estatuto,statute
1970,éste,"this one (m), [ésta (f)]"
1971,estética,aesthetics
1973,estilo,style
1974,estimación,estimate
1977,estímulo,"stimulus, encouragement"
1979,esto,this (n)
1980,estómago,stomach
1981,estrategia,strategy
1985,estrella,star
1989,estreno,"premiere, debut"
1990,estrés,stress
1993,estructura,structure
1995,estudiante,student
1998,estudio,"study, learning"
2000,estupidez,"stupidity, stupid thing"
2002,etapa,"stage, period"
2004,eternidad,eternity
2006,ética,ethics
2008,etiqueta,"label, etiquette"
2010,euro,euro
2012,evaluación,"evaluation, assessment"
2014,evangelio,gospel
2015,evento,event
2016,evidencia,"evidence, certainty"
2021,evolución,"evolution, development"
2026,examen,"examination, exam"
2029,excelencia,excellence
2031,excepción,exception
2035,exceso,excess
2040,excursión,excursion
2041,excusa,excuse
2042,exhibición,"exhibition, showing"
2044,exigencia,"requirement, demand"
2046,exilio,exile
2047,existencia,"existence, life"
2050,éxito,success
2054,expansión,"expansion, spreading"
2055,expectativa,"expectation, hope, prospect"
2056,expedición,expedition
2057,expediente,"dossier, proceedings"
2058,experiencia,experience
2061,experimento,experiment
2062,experto,expert
2063,explicación,explanation
2065,exploración,exploration
2067,explosión,explosion
2068,explotación,"exploitation, cultivation"
2071,exportación,"export, exportation"
2073,exposición,"exhibition, display"
2075,expresión,expression
2078,expulsión,"expulsion, ejection"
2081,extensión,"extension, area, expanse"
2085,extinción,extinction
2090,extranjero,foreigner
2094,extremo,"edge, border, end"
2096,fábrica,"factory, manufacture"
2097,fabricación,"manufacture, production"
2098,fabricante,manufacturer
2101,facción,"(face) feature, faction"
2102,fachada,"façade, front of building"
2104,facilidad,"ease, facility"
2107,factor,"factor, cause, influence"
2108,factura,"invoice, bill"
2109,facultad,"faculty, ability"
2110,falda,skirt
2111,falla,"flaw, failure"
2114,fallo,"mistake, blunder, fault"
2116,falta,"lack, shortage"
2118,fama,"reputation, fame"
2119,familia,family
2121,familiar,relative
2123,fantasía,"fantasy, fancy"
2124,fantasma,"ghost, phantom"
2126,farmacia,"pharmacy, drugstore"
2127,fármaco,"drug, medicine"
2130,fase,"phase, stage"
2132,fatiga,fatigue
2133,fauna,"fauna, wildlife"
2134,favor,"favor, benefit"
2138,fe,faith
2139,febrero,February
2140,fecha,"date, day"
2141,federación,federation
2143,felicidad,happiness
2147,fenómeno,phenomenon
2149,feria,"fair, festival"
2151,ferrocarril,railway
2153,festival,festival
2154,fibra,"fiber, grain"
2155,ficción,fiction
2156,ficha,"index card, chip, token"
2158,fidelidad,"faithfulness, accuracy"
2159,fiebre,"fever, excitement"
2161,fiesta,"party, feast"
2162,figura,figure
2166,fila,"line, row, file"
2167,film,"film, movie"
2168,filo,(cutting) edge
2169,filosofía,philosophy
2171,filósofo,philosopher
2173,filtro,"filter, screening"
2174,fin,"end, a f. de: in order to"
2175,final,"al f.: finally, in the end"
2176,finalidad,"purpose, aim"
2179,financiación,"financing, funding"
2182,finanzas,"treasury, finances"
2183,finca,"property, estate"
2186,firma,"company, signature, signing"
2189,firmeza,firmness
2191,fiscal,"district attorney, prosecutor"
2192,fiscalía,office of the public prosecutor
2195,físico,physicist
2197,flecha,"arrow, dart"
2199,flor,flower
2200,flora,flora
2202,flota,fleet
2205,flujo,"flow, tide, discharge"
2206,foco,focus
2208,fondo,"bottom, end"
2209,fondos,funds
2211,forma,"form, shape, way"
2212,formación,"formation, education"
2215,formato,"format, form"
2217,fórmula,formula
2219,foro,forum
2221,fortaleza,"fortress, strength"
2222,fortuna,"fortune, fate"
2225,foto,"photo, picture"
2226,fotografía,photograph
2228,fotógrafo,photographer
2230,fracaso,"failure, collapse"
2231,fracción,fraction
2233,fragmento,"fragment, passage"
2237,franja,"strip, stripe, fringe"
2238,frasco,"bottle, jar, flask"
2239,frase,phrase
2240,fraude,fraud
2241,frecuencia,frequency
2250,frontera,"border, frontier"
2253,frustración,frustration
2256,fruta,fruit
2257,fruto,"fruit, result"
2258,fuego,"fire, gunfire"
2259,fuente,"source, fountain"
2263,fuerza,"strength, force, power"
2264,fuga,"flight, escape"
2267,función,"function, meeting"
2269,funcionamiento,"functioning, operation"
2271,funcionario,civil servant
2272,fundación,foundation
2273,fundador,founder
2277,fundamento,"foundation, ground"
2280,furia,"fury, rage"
2282,fusil,"gun, rifle"
2283,fusión,"fusion, union"
2284,fútbol,soccer
2285,futbolista,soccer player
2286,futuro,future
2287,gabinete,"cabinet, den, office"
2288,gala,gala (performance/dinner)
2289,galaxia,galaxy
2290,galería,"gallery, balcony"
2291,gallina,"hen, coward"
2292,gallo,rooster
2293,gama,"range, musical scale"
2294,ganador,winner
2295,ganancia,"gain, profit"
2297,ganas,desire
2298,garantía,"guarantee, warranty"
2300,garganta,"throat, gorge"
2301,garra,"claw, fang"
2302,gas,gas
2303,gasolina,gasoline
2305,gasto,"expense, expenditure"
2306,gastos,"expense, outlay,"
2307,gato,cat
2309,gen,gene
2310,generación,generation
2312,general,general
2316,género,"sort, gender, genre"
2320,genio,"genius, disposition"
2321,gente,people
2322,geografía,geography
2324,gerente,"manager, director"
2325,gestión,"management, step, negotiation"
2327,gesto,gesture
2328,gigante,giant
2330,gira,tour
2332,giro,"turn, draft, expression"
2334,globo,"balloon, globe"
2335,gloria,"glory, fame"
2337,gobernación,"government, management"
2338,gobernador,governor
2339,gobernante,"ruler, leader"
2341,gobierno,government
2342,gol,goal
2343,golfo,"gulf, bay"
2344,golpe,"hit, strike, punch"
2346,goma,rubber
2348,gota,drop
2350,grabación,recording
2352,gracia,"(pl) thank you, grace, favor"
2353,gracias,"thanks, thank you"
2355,grado,"degree, grade"
2359,grandeza,"greatness, size"
2360,grano,"grain, kernel"
2361,grasa,"grease, fat"
2365,gravedad,"seriousness, gravity"
2369,grito,"cry, shout, scream"
2371,grupo,group
2372,guante,glove
2375,guardia,"guard, watch, lookout"
2376,guardián,guardian
2379,guerra,"war, warfare"
2380,guerrero,"warrior, soldier"
2381,guerrilla,guerrilla
2382,guía,"guide, leader"
2384,guión,"script, hyphen"
2385,guitarra,guitar
2386,gusano,"worm, caterpillar"
2388,gusto,"pleasure, taste, preference"
2391,habilidad,"ability, skill, talent"
2392,habitación,"room, bedroom, habitat"
2393,habitante,inhabitant
2395,hábito,habit
2398,habla,"(el) speech, talking"
2402,hacienda,ranch
2404,hallazgo,"finding, discovery"
2405,hambre,"(el) hunger, starvation"
2406,harina,flour
2409,hazaña,"deed, heroic feat"
2410,hecho,"fact, happening"
2411,hectárea,hectare
2413,helicóptero,helicopter
2414,hembra,"female, woman"
2416,heredero,"heir, heiress"
2417,herencia,"inheritance, legacy"
2418,herida,wound
2421,hermana,sister
2422,hermano,"brother, [pl] siblings"
2424,héroe,hero
2426,herramienta,tool
2428,hidrógeno,hydrogen
2429,hielo,ice
2430,hierba,"herb, grass, weed"
2431,hierro,iron
2432,hígado,liver
2433,hija,daughter
2434,hijo,"son, [pl] children"
2435,hilera,"row, line"
2436,hilo,"thread, yarn, wire"
2437,himno,"hymn, anthem"
2439,hipótesis,hypothesis
2442,historia,"history, story"
2443,historiador,historian
2445,hogar,"home, hearth"
2446,hoja,"sheet, leaf"
2447,hola,"hello, hi"
2449,hombre,"man, mankind, husband"
2450,hombro,shoulder
2451,homenaje,"homage, tribute"
2455,hongo,"mushroom, fungus"
2456,honor,"honor, honesty"
2458,hora,"hour, time (specific)"
2459,horario,"schedule, timetable"
2461,horizonte,horizon
2462,hormiga,ant
2463,hormona,hormone
2464,horno,"oven, furnace"
2466,horror,"horror, atrocity"
2467,hospital,hospital
2468,hotel,hotel
2470,hueco,"hole, cavity"
2471,huelga,"strike, protest"
2472,huella,"trace, track, footstep"
2473,hueso,bone
2474,huésped,"guest, lodger"
2475,huevo,egg
2477,humanidad,"humanity, mankind"
2479,humedad,humidity
2481,humildad,humility
2484,humo,smoke
2485,humor,"mood, humor"
2487,idea,idea
2491,identidad,identity
2492,identificación,identification
2494,ideología,ideology
2496,idioma,(specific) language
2497,idiota,"idiot, dunce"
2498,ídolo,idol
2499,iglesia,church
2500,ignorancia,ignorance
2503,igualdad,equality
2507,iluminación,"illumination, lighting"
2510,ilusión,"illusion, hope, dream"
2511,ilustración,illustration
2514,imagen,"image, picture"
2515,imaginación,"imagination, fantasy"
2519,impaciencia,impatience
2521,impacto,impact
2526,imperio,"empire, fortune"
2532,importación,"import, importation"
2533,importancia,importance
2537,impotencia,impotence
2540,impresión,"impression, printing"
2545,impuestos,taxes
2547,impulso,"impulse, momentum"
2548,impunidad,impunity
2549,inauguración,"opening, inauguration"
2551,incapacidad,"inability, incompetence"
2553,incendio,"fire, conflagration"
2554,incertidumbre,uncertainty
2555,incidencia,"ocurrence, impact"
2556,incidente,incident
2559,inclinación,"slope, incline, tendency"
2562,inclusión,inclusion
2568,incorporación,"inclusion, incorporation"
2572,incremento,"increase, raise"
2573,independencia,independence
2576,indicación,indication
2577,indicador,"indicator, gauge"
2579,índice,"index, forefinger"
2580,indicio,"indication, sign"
2581,indiferencia,indifference
2585,indio,Indian
2589,individuo,"individual, person"
2590,índole,"nature, temperament"
2593,industria,"industry, factory"
2598,infancia,"infancy, childhood"
2600,infección,infection
2603,infierno,"hell, inferno"
2605,inflación,inflation
2606,influencia,influence
2608,información,information
2612,informe,report
2613,infraestructura,infrastructure
2614,ingeniería,engineering
2615,ingeniero,engineer
2616,ingenio,"ingenuity, talent, wit"
2619,ingrediente,ingredient
2621,ingreso,"entrance, admission, income"
2622,ingresos,"income, revenue"
2626,iniciativa,initiative
2627,inicio,"beginning, start"
2628,injusticia,injustice
2633,inmigrante,immigrant
2637,innovación,innovation
2639,inocencia,innocence
2644,inquietud,"restlessness, anxiety"
2646,inscripción,"inscription, registration"
2647,insecto,insect
2648,inseguridad,insecurity
2652,insistencia,"insistence, persistence"
2656,inspector,inspector
2657,inspiración,"inspiration, inhalation"
2659,instalación,"installation, facilities"
2661,instancia,instance
2662,instante,"instant, moment"
2663,instinto,instinct
2664,institución,institution
2666,instituto,institute
2667,instrucción,instruction
2668,instrumento,instrument
2671,insulto,insult
2673,integración,integration
2676,integridad,integrity
2678,inteligencia,intelligence
2680,intención,intention
2681,intensidad,"intensity, force"
2684,intento,"attempt, try"
2685,interacción,interaction
2687,intercambio,"exchange, interchange"
2688,interés,interest
2692,interior,"interior, inside"
2697,Internet,Internet
2699,interpretación,"interpretation, interpreting"
2701,intérprete,"performer, interpreter"
2704,interrupción,interruption
2705,intervalo,"interval, gap"
2706,intervención,intervention
2708,intimidad,"private life, intimacy"
2710,introducción,introduction
2712,intuición,intuition
2714,inundación,"flood, deluge"
2718,invasión,invasion
2719,invención,"invention, contrivance"
2721,invento,invention
2722,inversión,"investment, outlay"
2724,investigación,investigation
2725,investigador,"researcher, investigator"
2727,invierno,winter
2729,invitación,invitation
2730,invitado,guest
2735,ira,"rage, wrath"
2737,ironía,irony
2740,irregularidad,irregularity
2742,isla,island
2745,izquierda,left
2747,jabón,soap
2748,jaja,ha ha
2751,jardín,garden
2752,jaula,"cage, crate, playpen"
2753,jefe,"leader, boss, manager"
2754,jerarquía,"hierarchy, rank"
2755,jinete,"rider, horseman"
2757,jornada,"(working) day, shift"
2758,joven,"teenager, young person"
2759,joya,"jewel, treasure"
2761,judío,Jew
2762,juego,"game, play, sport"
2763,jueves,Thursday
2764,juez,judge
2765,jugada,"move, play"
2766,jugador,"player, gambler"
2768,jugo,juice
2769,juguete,toy
2770,juicio,judgment
2771,julio,July
2772,junio,June
2773,junta,"meeting, conference, seam"
2776,jurado,"jury, juror"
2779,jurisdicción,jurisdiction
2781,justicia,"justice, fairness"
2782,justificación,justification
2787,juventud,youth
2788,juzgado,"court, tribunal, judge"
2790,kilo,kilogram
2791,kilómetro,kilometer
2792,la,[rd person] (dir obj-f)
2793,laberinto,"maze, labyrinth"
2794,labio,lip
2795,labor,"labor, work, task"
2797,laboratorio,laboratory
2798,lado,side
2799,ladrillo,brick
2800,ladrón,thief
2801,lago,lake
2802,lágrima,"tear, teardrop"
2803,laguna,lagoon
2807,lamento,"lament, moan"
2808,lámina,sheet (of metal)
2809,lámpara,lamp
2810,lana,wool
2811,lanzamiento,"launch, release"
2813,lápiz,pencil
2816,largo,"a lo l.: throughout, length"
2817,lástima,"shame, pity"
2819,lata,(tin) can
2821,latín,Latin
2826,lazo,"bow, knot, tie, lasso"
2827,le,[rd person] (indir obj)
2828,lealtad,"loyalty, faithfulness"
2829,lección,lesson
2830,leche,milk
2831,lecho,"(river) bed, couch"
2832,lector,"reader, lecturer"
2833,lectura,reading
2837,legislación,legislation
2838,legislador,legislator
2843,leña,firewood
2844,lengua,"language, tongue, strip (of land)"
2845,lenguaje,"language, speech"
2848,lentitud,slowness
2850,león,lion
2851,lesión,"injury, wound, harm"
2852,letra,"letter, handwriting, lyrics"
2855,ley,"law, bill, rule"
2856,leyenda,legend
2857,liberación,liberation
2860,libertad,"freedom, liberty"
2861,libra,pound (money/weight)
2865,librería,bookstore
2866,libro,book
2867,licencia,"license, permission"
2868,licenciado,"graduate, lawyer"
2870,liceo,high school
2871,líder,leader
2873,liderazgo,leadership
2874,lienzo,"canvas, painting"
2875,liga,"league, elastic band"
2879,limitación,limitation
2882,límite,limit
2883,limón,"lemon, lime"
2885,limpieza,"cleanliness, purity"
2888,línea,"line, course"
2890,lío,"mess, problem, bad situation"
2891,líquido,liquid
2893,lista,"list, roster, roll"
2897,literatura,literature
2898,litro,liter
2900,llama,"flame, llama"
2901,llamada,"call, knock"
2902,llamado,"call, calling"
2906,llanto,"crying, weeping"
2907,llanura,"plain, prairie, plainness"
2908,llave,"key, faucet, wrench"
2909,llegada,arrival
2916,lluvia,rain
2918,lo,[rd person] (dir obj-m)
2919,lobo,wolf
2921,localidad,"town, locality"
2924,locura,"madness, insanity"
2925,lógica,logic
2929,logro,"success, achievement"
2930,lomo,"back, loin, spine"
2931,longitud,"length, longitude"
2932,lucha,"fight, struggle, wrestle"
2936,lugar,"place, position"
2937,lujo,luxury
2939,luna,moon
2940,lunes,Monday
2941,luz,light
2942,macho,"male, manliness"
2943,madera,wood
2944,madre,mother
2946,madrugada,"dawn, daybreak"
2948,madurez,"maturity, ripeness"
2950,maestría,"skill, mastery"
2951,maestro,"teacher (m), master"
2952,magia,magic
2954,magistrado,"judge, magistrate"
2957,magnitud,"magnitude, extent"
2958,mago,"magician, wizard"
2959,maíz,"corn, maize"
2961,mal,evil
2962,maldad,"evil, wickedness"
2964,malestar,"discomfort, unease, unrest"
2965,maleta,"suitcase, case"
2967,mamá,mom
2968,mamífero,mammal
2969,mañana,"morning, tomorrow"
2971,mancha,"stain, spot"
2974,mandato,"mandate, order, command"
2975,mando,"command, authority"
2977,manejo,"handling, management"
2978,manera,"way, manner"
2979,manga,sleeve
2980,mango,"handle, mango"
2981,manifestación,"protest, manifestation"
2983,manifiesto,poner de m.: to show
2984,maniobra,"maneuver, operation"
2985,manipulación,"handling, manipulation"
2987,mano,hand
2988,manta,blanket
2990,mantenimiento,"maintenance, sustenance"
2991,manto,cloak
2992,manual,"manual, handbook"
2994,manuscrito,manuscript
2995,manzana,"apple, (city) block"
2996,mapa,map
2997,maquillaje,makeup
2998,máquina,machine
2999,maquinaria,machinery
3000,mar,sea
3001,maravilla,"wonder, marvel"
3003,marca,"mark, brand, trademark"
3004,marcador,"sign, scoreboard"
3006,marcha,"march, progress"
3008,marco,"frame, mark, setting"
3009,marea,"wave, tide, ebb"
3010,margen,"edge, margin, border, brink"
3011,marido,husband
3013,mariposa,"butterfly, wing nut"
3015,mármol,marble
3016,martes,Tuesday
3017,marzo,March
3018,mas,"but, however"
3020,masa,"mass, dough, bulk, crowd"
3021,máscara,mask
3025,matemática,mathematics
3027,materia,"matter, subject"
3028,material,"material, element"
3031,matiz,"shade, tint, nuance"
3032,matrimonio,"marriage, married couple"
3034,mayo,May
3036,mayoría,majority
3037,me,me (obj)
3038,mecánica,"mechanics, mechanism"
3040,mecanismo,mechanism
3041,medalla,"medal, medallion"
3042,media,"average, a m.: halfways"
3045,medianoche,midnight
3047,medicamento,"medicine, drug"
3048,medicina,medicine
3049,medición,measurement
3050,médico,doctor
3052,medida,"measure, a m. que: to the extent"
3056,mediodía,"noon, midday"
3057,medios,"means, resources"
3059,meditación,meditation
3062,mejilla,cheek
3064,mejora,improvement
3066,melancolía,"melancholy, depression"
3068,melodía,melody
3069,memoria,memory
3070,mención,mention
3074,mensaje,message
3077,mentalidad,"mindset, mind"
3078,mente,mind
3080,mentira,lie
3081,menú,menu
3083,mercado,market
3084,mercancía,"goods, merchandise"
3085,merced,"favor, mercy"
3088,mérito,"worth, merit"
3090,mes,month
3091,mesa,"table, board"
3092,meta,"goal, aim, purpose"
3093,metáfora,metaphor
3094,metal,metal
3097,método,method
3098,metodología,"methodology, method"
3099,metro,"meter, subway"
3101,mezcla,"mixture, blend"
3104,mí,me (obj prep)
3105,miedo,fear
3106,miel,honey
3107,miembro,"member, limb"
3108,mientras,"while, whereas, as long as"
3109,miércoles,Wednesday
3110,mierda,"shit, crap, excrement"
3111,migración,migration
3112,mil,thousand
3113,milagro,miracle
3114,milenio,millennium
3115,militante,"member, militant"
3117,millón,"million, fortune"
3118,millonario,millionaire
3119,mina,mine
3120,mineral,"mineral, ore"
3121,minería,mining
3124,ministerio,ministry
3125,ministro,"(government) secretary, minister"
3126,minoría,minority
3128,minuto,minute
3129,mío,mine
3130,mirada,"gaze, look"
3132,misa,(religious) Mass
3134,miseria,"misery, wretchedness"
3135,misericordia,"compassion, mercy"
3136,misión,"mission, task"
3138,misterio,mystery
3140,mitad,"half, middle"
3141,mito,myth
3143,moda,"fashion, form"
3144,modalidad,"mode, manner"
3145,modelo,"model, pattern"
3149,modificación,"modification, alteration"
3151,modo,"way, manner, de m. que: so that"
3154,molde,"mold, cast, pattern"
3155,molécula,molecule
3158,molestia,"bother, nuisance, trouble"
3160,momento,"moment, time"
3161,monarca,monarch
3162,monarquía,"monarchy,"
3163,monasterio,"monastery, convent"
3164,moneda,"coins, currency"
3166,monja,nun
3167,mono,monkey
3168,monopolio,monopoly
3169,monstruo,"monster, monstrosity"
3170,montaje,"assembly, staging"
3171,montaña,mountain
3174,monte,mountain
3175,montón,"lot of, heap, pile"
3177,monumento,monument
3183,mosca,fly (insect)
3184,mostrador,"counter, desk"
3186,motivación,motivation
3188,motivo,"motive, cause"
3189,moto,motorcycle
3190,motor,"engine, motor"
3193,movilidad,"mobility, movement"
3194,movilización,mobilization
3196,movimiento,movement
3197,mozo,"waiter, youth, bellboy"
3198,muchacha,girl
3199,muchacho,boy
3203,mueble,(piece of) furniture
3204,mueca,"face, grimace"
3205,muerte,death
3207,muestra,"proof, sample, sign"
3208,mujer,"woman, wife"
3209,multa,"fine, penalty, citation"
3212,multitud,multitude
3214,mundo,world
3215,muñeca,"doll, wrist"
3217,municipio,"municipality, town"
3218,muralla,city wall
3219,murmullo,"murmur, whispering"
3221,muro,"(outer) wall, rampart"
3223,músculo,muscle
3224,museo,museum
3225,música,music
3227,músico,musician
3228,muslo,thigh
3233,nacimiento,"birth, origin"
3234,nación,nation
3236,nacionalidad,nationality
3238,nada,"nothing, (not) at all"
3240,nadie,"nobody, anybody"
3241,nalgas,"buttocks, backside, bottom"
3242,naranja,orange (fruit)
3243,narcotráfico,drug trafficking
3244,nariz,nose
3245,narración,"narration, account"
3246,narrador,narrator
3248,narrativa,"narrative, story"
3253,naturaleza,"nature, character"
3256,nave,"spacecraft, ship"
3257,navegación,"navigation, shipping"
3258,navegador,"browser, navigator"
3260,navidad,Christmas
3263,necesidad,"necessity, need"
3266,negativa,"negative, denial"
3268,negociación,negotiation
3270,negocio,"business, transaction"
3272,nene,"baby, small child"
3273,nervio,nerve
3277,nido,nest
3278,niebla,fog
3279,nieto,grandchild
3280,nieve,snow
3281,niña,"child, young girl"
3282,niñez,"childhood, infancy"
3284,niño,"child, little boy"
3285,nivel,level
3288,nobleza,"nobility, uprightness"
3289,noche,"night, evening"
3290,noción,"notion, idea"
3292,nombramiento,"appointment, nomination"
3294,nombre,"name, noun"
3295,norma,"standard, pattern, norm"
3298,noroeste,northwest
3299,norte,north
3301,nos,us (obj)
3302,nosotros,we (subj)
3303,nostalgia,"nostalgia, homesickness"
3304,nota,"note, grade"
3307,noticia,news
3308,noticias,news
3309,novedad,"latest news, newness"
3311,novela,novel
3312,novelista,novelist
3313,noventa,ninety
3314,novia,"girlfriend, bride"
3315,noviembre,November
3316,novio,"boyfriend, groom"
3317,nube,cloud
3319,núcleo,"nucleus, core"
3320,nudo,knot
3323,nueve,nine
3326,número,number
3329,o,or
3331,obispo,bishop
3332,objetivo,objective
3333,objeto,"object, thing"
3334,obligación,obligation
3338,obra,"work, book, deed"
3339,obrero,"worker, laborer"
3340,observación,observation
3341,observador,observer
3343,obsesión,"mania, obsession"
3344,obstáculo,obstacle
3349,ocasión,"opportunity, occasion"
3352,occidente,West
3353,océano,ocean
3354,ochenta,eighty
3355,ocho,eight
3356,octubre,October
3359,ocupación,"occupation, use"
3363,odio,hatred
3364,oeste,west
3366,ofensiva,"offensive, attack"
3368,oferta,"offer, bid, supply"
3371,oficina,office
3372,oficio,"job, occupation, function"
3374,oh,oh
3375,oído,"hearing, ear"
3377,ojalá,hopefully
3378,ojo,eye
3379,ola,"wave, billow"
3382,olla,"pot, kettle"
3383,olor,"smell, odor, fragrance"
3385,olvido,"forgetfulness, omission"
3386,once,eleven
3387,onda,"wave, ripple"
3389,opción,"option, choice"
3390,ópera,opera
3391,operación,operation
3392,operador,operator
3396,opinión,"opinion, view"
3398,oportunidad,"opportunity, chance"
3400,oposición,opposition
3401,opositor,opponent
3403,optimismo,optimism
3407,oración,prayer
3410,órbita,"orbit, socket, field"
3411,orden,"order, sequence (m), religious (f)"
3413,ordenador,computer
3416,oreja,ear
3418,organismo,"organism, (human) body"
3419,organización,organization
3422,órgano,organ
3423,orgullo,pride
3425,orientación,"orientation, direction"
3428,oriente,East
3429,origen,"origin, cause"
3433,orilla,"shore, edge"
3434,oro,gold
3435,orquesta,"orchestra, dance band"
3436,os,you (obj-pl/+fam)
3439,oscuridad,darkness
3441,oso,bear
3442,otoño,autumn
3445,oveja,"sheep, ewe"
3446,oxígeno,oxygen
3447,oyente,"listener, hearer"
3448,paciencia,patience
3449,paciente,patient
3451,pacto,"pact, agreement"
3453,padre,father
3455,página,page
3456,pago,payment
3457,país,country
3458,paisaje,landscape
3459,paja,"straw, thatching"
3460,pájaro,bird
3461,palabra,word
3462,palacio,palace
3464,palma,"palm tree, palm"
3465,palmera,palm tree
3466,palo,"stick, pole"
3467,paloma,dove
3469,pan,bread
3470,panel,"panel, screen"
3471,pánico,panic
3472,panorama,"panorama, landscape"
3473,pantalla,"screen, monitor"
3474,pantalón,"pants, trousers"
3475,pañuelo,"handkerchief, shawl"
3476,papa,"Pope (m), potato (f)"
3477,papá,dad
3478,papel,"paper, role, part"
3479,paquete,"package, packet"
3480,par,"pair, couple (m), a la p.: at same time"
3483,paraíso,paradise
3486,parámetro,parameter
3491,parecer,"opinion, looks"
3492,pared,(interior) wall
3493,pareja,"couple, pair"
3494,pariente,relative
3497,parlamento,"parliament, dialogue"
3498,paro,"labor strike, attack"
3499,párpado,eyelid
3500,parque,park
3501,párrafo,paragraph
3502,parroquia,parish
3503,parte,"part, portion"
3504,participación,"participation, involvement"
3505,participante,participant
3507,partícula,particle
3510,partida,"game, match, departure"
3512,partido,"party, group, (sports) match"
3514,parto,birth
3516,pasaje,"fare, passage, lane"
3517,pasajero,passenger
3520,paseo,"walk, ride"
3521,pasillo,"hall, corridor"
3522,pasión,"passion, desire"
3524,paso,"step, pace"
3525,pasta,"pasta, dough"
3526,pastilla,"pill, capsule"
3527,pasto,"grass, pasture"
3528,pastor,"shepherd, pastor"
3529,pata,"leg, paw"
3530,patada,"kick, punt"
3531,patio,"courtyard, playground, yard"
3532,pato,duck
3533,patria,"native land, fatherland"
3534,patrimonio,"patrimony, inheritance"
3535,patrón,"employer, landlord, patron saint"
3536,pausa,pause
3537,pauta,"guideline, rule, standard"
3538,paz,peace
3539,pecado,sin
3541,pecho,"chest, breast"
3544,pedazo,"piece, bit"
3547,pelea,"fight, quarrel"
3549,película,"movie, film"
3550,peligro,"danger, menace"
3552,pelo,hair
3553,pelota,ball
3554,pena,"trouble, valer la p.: be of worth"
3556,pendiente,"slope, descent, earring"
3559,península,peninsula
3560,pensamiento,"thought, thinking"
3562,pensión,boarding house
3563,penumbra,"semidarkness, twilight"
3564,peón,"unskilled laborer, field hand"
3569,percepción,perception
3572,pérdida,loss
3574,perdón,"forgiveness, pardon"
3576,perfección,perfection
3580,perfil,"profile, outline"
3581,perfume,perfume
3582,periódico,"newspaper, periodical"
3583,periodismo,journalism
3584,periodista,journalist
3586,período,"period, time"
3588,perla,pearl
3592,permiso,"permission, permit"
3594,pero,"but, yet, except"
3595,perro,dog
3596,persecución,"pursuit, persecution"
3599,persona,person
3600,personaje,character (e.g. movie)
3602,personalidad,"personality, celebrity"
3604,perspectiva,perspective
3607,pertenencia,"membership, property"
3610,pesadilla,nightmare
3614,pesca,fishing
3615,pescado,fish
3616,pescador,fisherman
3618,pese,in spite of
3619,peseta,peseta (money)
3621,peso,"peso (money), weight, load"
3622,pestaña,eyelash
3623,petición,"request, petition"
3624,petróleo,"oil, petroleum"
3626,pez,(alive) fish
3627,piano,piano
3629,pico,"y p.: and a bit, beak, peak"
3630,pie,"foot, base"
3631,piedad,"pity, mercy"
3632,piedra,"stone, rock"
3633,piel,"skin, hide, fur"
3634,pierna,leg
3635,pieza,"piece, part"
3636,pila,"(baptismal) font, battery, heap"
3637,pilar,"pillar, column"
3639,piloto,"pilot, driver"
3640,pino,pine (tree)
3643,pintor,painter
3644,pintura,"painting, paint"
3645,pirámide,pyramid
3647,piscina,swimming pool
3648,piso,"floor, story"
3649,pista,"clue, track, trace"
3650,pistola,"gun, pistol"
3651,placa,"plaque, plate, badge"
3652,placer,pleasure
3653,plan,plan
3654,plancha,"(electric) iron, plate, sheet"
3656,planeta,planet
3657,planificación,"planning, design"
3659,plano,"plane, map, level"
3661,planta,"plant, floor"
3663,planteamiento,"proposal, exposition"
3665,plantilla,"template, stencil"
3667,plástico,plastic
3668,plata,"silver, money"
3669,plataforma,"platform, springboard"
3671,plato,"plate, dish"
3672,playa,"beach, seaside"
3673,plaza,"square, marketplace"
3674,plazo,"deadline, installment"
3676,plenitud,"fullness, abundance"
3678,plomo,"lead, bullet"
3679,pluma,"pen, feather"
3680,población,population
3681,poblador,"settler, resident"
3684,pobreza,"poverty, lack, scarcity"
3687,poder,power
3689,poema,poem
3690,poesía,"poetry, poem"
3691,poeta,poet
3694,polémica,"polemics, argument"
3696,policía,"police, police force, police officer"
3698,política,"politics, policy"
3701,político,politician
3702,pollo,chicken
3703,polo,"pole, polo, polo shirt"
3704,polvo,"dust, powder"
3707,popularidad,popularity
3709,porcentaje,percentage
3710,porción,"part, portion, share"
3711,porque,because
3712,porqué,"reason, cause"
3713,portada,"cover, title page"
3714,portador,"bearer, carrier"
3715,portal,"website, portal ,entrance"
3717,portavoz,"spokesperson, mouthpiece"
3718,portero,"porter, doorkeeper, goalie"
3720,porvenir,"future, time to come"
3723,posesión,possession
3724,posibilidad,possibility
3727,posición,position
3731,postre,dessert
3733,postura,"posture, position, attitude"
3734,potencia,"power, potential"
3737,pozo,"well, shaft"
3738,práctica,"practice, skill"
3742,prado,"meadow, field, lawn"
3743,precaución,"caution, forethought"
3744,precedente,precedent
3746,precio,"price, cost, value"
3748,precipitación,"precipitation, rainfall"
3752,precisión,precision
3757,preferencia,preference
3760,pregunta,question
3762,prejuicio,prejudice
3763,premio,"prize, reward"
3764,prenda,piece of clothing
3766,prensa,press
3767,preocupación,"worry, concern"
3770,preparación,"preparation, training"
3773,presa,"dam, prisoner (f)"
3774,presencia,"presence, appearance"
3776,presentación,"presentation, introduction"
3778,presente,present
3781,presidencia,presidency
3783,presidente,president
3785,presión,pressure
3787,preso,prisoner
3788,prestación,"benefit, lending of service"
3789,préstamo,"loan, borrowing"
3791,prestigio,prestige
3795,presupuesto,budget
3797,pretensión,"pretension, claim, aspiration"
3798,pretexto,"pretext, excuse"
3800,prevención,"prevention, warning"
3806,previsión,"forecast, precaution"
3807,prima,"female cousin, down payment"
3809,primavera,"spring, springlike"
3812,primo,cousin
3814,princesa,princess
3817,príncipe,prince
3818,principio,"beginning, principle"
3819,prioridad,priority
3820,prisa,hurry
3821,prisión,"prison, imprisonment"
3822,prisionero,prisoner
3826,privilegio,privilege
3827,probabilidad,probability
3831,problema,problem
3832,problemática,"problems, difficulties"
3835,procedimiento,"procedure, proceedings"
3837,procesión,procession
3838,proceso,"process, procedure"
3841,producción,production
3843,productividad,productivity
3845,producto,product
3846,productor,producer
3847,profesión,"profession, occupation"
3849,profesor,"professor, teacher"
3850,profeta,prophet
3852,profundidad,"depth, profundity"
3855,programa,"program, plan"
3856,programación,"programming, scheduling"
3860,progreso,progress
3861,prohibición,prohibition
3865,promedio,"average, middle,"
3866,promesa,promise
3868,promoción,promotion
3872,propaganda,"advertising, propaganda"
3875,propiedad,property
3876,propietario,owner
3879,proporción,proportion
3881,proposición,proposition
3882,propósito,"intention, purpose"
3883,propuesta,"proposal, proposition"
3884,prosa,prose
3886,protagonista,"protagonist, main character"
3888,protección,protection
3889,protector,"protector, defender"
3891,proteína,protein
3892,protesta,"objection, protest"
3894,protocolo,"protocol, convention"
3895,provecho,"benefit, use"
3896,proveedor,"supplier, dealer"
3900,provincia,"province, region"
3903,proximidad,proximity
3905,proyección,"projection, screening"
3907,proyecto,"project, plan"
3909,prueba,"proof, trial, test"
3910,psicología,psychology
3912,psicólogo,psychologist
3913,publicación,publication
3916,publicidad,"advertising, publicity"
3919,público,"public, audience"
3921,pueblo,"people, village"
3922,puente,bridge
3923,puerta,door
3924,puerto,"port, harbor"
3925,pues,
3926,puesto,"then, well then"
3927,pulmón,lung
3929,pulso,"pulse, pulsation"
3930,puño,"fist, handle, cuff"
3931,punta,"tip, point"
3932,punto,"point, dot, period"
3934,pupila,pupil
3936,pureza,"purity, chastity"
3938,puta,"whore, prostitute"
3939,que,"that, which"
3940,qué,"what?, which?, how (+adj)"
3943,quehacer,"task, job, chore"
3944,queja,complaint
3948,queso,cheese
3949,quien,"who, whom"
3950,quién,"who?, whom?"
3952,química,"chemistry, chemist"
3954,quince,fifteen
3955,quinientos,five hundred
3959,rabia,rage
3961,radiación,radiation
3964,radio,"radio, set (m), communication (f)"
3965,ráfaga,"burst, gust"
3966,raíz,root
3967,rama,"branch, bough, limb"
3968,ramo,"bunch (of flowers), branch"
3969,rancho,"ranch, farm"
3970,rango,"rank, range"
3972,rapidez,"speed, velocity"
3976,rasgo,"feature, trait"
3977,rastro,"track, sign, flea market"
3978,rata,rat
3980,rato,"moment, while, time"
3981,ratón,"mouse, rat"
3982,raya,"line, ray, stripe"
3983,rayo,"ray, beam, lightning"
3984,raza,"race, lineage"
3985,razón,"reason, tener r.: to be right"
3987,razonamiento,reasoning
3988,reacción,reaction
3991,realidad,"reality, actuality"
3992,realismo,realism
3994,realización,"fulfillment, realization"
3998,rebelde,"rebel, insurgent"
3999,rebelión,rebellion
4000,recepción,"reception, waiting room"
4001,receptor,"receiver, recipient"
4002,receta,"recipe, prescription"
4004,rechazo,"rejection, refusal"
4009,recinto,"grounds, precincts"
4012,reclamo,"claim, complaint, protest"
4016,recomendación,recommendation
4019,reconocimiento,"recognition, acknowledgment"
4020,reconstrucción,reconstruction
4022,récord,record
4025,recorrido,"journey, itinerary, route"
4027,recorte,"clipping, cutting, trimming"
4030,rector,"principal, rector"
4031,recuerdo,"memory, keepsake"
4032,recuperación,"recovery, recuperation"
4035,recursos,resources
4036,red,"network, net, system"
4037,redacción,"editing, wording, essay"
4040,reducción,reduction
4044,referencia,"reference, allusion"
4048,reflejo,reflection
4049,reflexión,reflection
4051,reforma,"reform, improvement"
4055,refugio,"shelter, refuge"
4057,regalo,"gift, present"
4059,régimen,"regime, diet"
4060,región,region
4064,registro,"register, record"
4065,regla,"rule, ruler, regulation"
4066,reglamento,"regulations, rules"
4068,regreso,return
4069,regulación,"adjustment, regulation"
4072,reina,queen
4073,reinado,"reign, rule"
4075,reino,"kingdom, reign"
4078,reja,"grill, railing"
4079,relación,"relationship, relation"
4082,relámpago,lightning
4086,relato,"tale, story"
4087,relevancia,relevance
4089,relieve,"relief, poner de r.: to emphasize"
4090,religión,religion
4092,reloj,"clock, watch"
4095,remedio,"alternative, cure, solution"
4100,renacimiento,"rebirth, Renaissance"
4101,rencor,"grudge, spite"
4102,rendimiento,"yield, output, efficiency"
4104,renovación,"renewal, renovation"
4106,renta,income
4108,renuncia,"resignation, renunciation"
4110,reparación,"repair, reparation"
4113,reparto,"distribution, delivery"
4117,repertorio,"repertoire, list, index"
4118,repetición,repetition
4123,reportaje,news report
4126,reposo,"rest, peace"
4127,representación,representation
4128,representante,representative
4131,represión,repression
4133,reproducción,reproduction
4135,república,republic
4137,requerimiento,"requirement, request, summons"
4139,requisito,"prerequisite, requirement"
4143,rescate,"rescue, ransom"
4144,reseña,"review, outline"
4145,reserva,"reservation, reserve"
4148,residencia,residence
4151,residuo,"residue, waste"
4153,resistencia,"resistance, opposition"
4156,resolución,resolution
4160,respaldo,"support, backing, back"
4166,respeto,"respect, regard"
4168,respiración,"respiration, breath"
4171,resplandor,"brightness, radiance"
4173,responsabilidad,responsibility
4175,respuesta,"answer, reply"
4179,restauración,"restoration, renovation"
4180,restaurante,restaurant
4182,resto,"rest, remainder, leftover"
4183,restricción,restriction
4187,resultado,"result, outcome"
4189,resumen,summary
4191,resurrección,resurrection
4193,retirada,"retreat, withdrawal"
4195,retiro,"withdrawal, retreat"
4196,reto,"challenge, defiance"
4199,retorno,return
4200,retraso,delay
4202,retrato,"portrait, photograph"
4204,reunión,"meeting, reunion"
4206,revelación,revelation
4209,revés,"al r.: backwards, upside down, inside out"
4211,revisión,checking revision
4212,revista,"magazine, journal"
4214,revolución,revolution
4217,revólver,"revolver, Egun"
4218,rey,king
4222,rienda,"rein, restraint"
4223,riesgo,risk
4225,rigor,"harshness, rigor"
4227,rincón,"corner, nook"
4228,río,river
4229,riqueza,"riches, wealth"
4230,risa,"laugh, chuckle"
4231,ritmo,rhythm
4232,rito,"rite, ritual"
4233,ritual,"ritual, rite"
4234,rival,rival
4236,robo,"theft, robbery"
4237,roca,rock
4238,rocío,dew
4241,rodilla,knee
4245,rol,role
4246,rollo,"roll, coil"
4247,romance,romance
4251,ronda,round
4253,ropa,"clothes, clothing"
4254,ropero,"wardrobe, closet"
4255,rosa,rose
4257,rosario,"rosary, beads, string"
4258,rostro,"face, countenance"
4263,rueda,wheel
4264,ruido,noise
4265,ruina,"ruin, collapse"
4266,rumbo,"direction, course, bearing"
4267,rumor,"rumor, murmur"
4268,ruptura,"breakup, rupture"
4271,ruta,route
4272,rutina,routine
4273,sábado,Saturday
4274,sábana,(bed) sheet
4276,saber,knowledge
4277,sabiduría,"wisdom, knowledge"
4279,sabor,"taste, flavor, sensation"
4281,sacerdote,priest
4282,saco,"sack, bag, plunder"
4284,sacrificio,sacrifice
4287,sal,salt
4288,sala,"room, hall"
4289,salario,"salary, wages"
4290,salida,"exit, escape, outcome"
4292,saliva,"saliva, spit"
4293,salón,"hall, room"
4295,salsa,"sauce, salsa"
4297,salto,"jump, hop, skip"
4298,salud,health
4301,saludo,greeting
4302,salvación,"salvation, rescue"
4306,sanción,"sanction, approval, penalty"
4308,sangre,blood
4312,santa,saint (f)
4313,santo,saint (m)
4314,sargento,sergeant
4315,satélite,satellite
4316,satisfacción,satisfaction
4320,se,[“reflexive” marker]
4322,sección,"section, cut"
4324,secretaría,secretary
4325,secretario,secretary
4326,secreto,secret
4327,sector,"sector, area, section"
4328,secuencia,sequence
4329,secuestro,"kidnapping, seizure"
4331,sed,thirst
4332,seda,silk
4333,sede,"headquarters, seat"
4334,segmento,"segment, sector"
4336,seguidor,"follower, supporter, fan"
4337,seguimiento,follow-up
4341,segundo,second
4343,seguridad,"security, safety"
4345,seguro,insurance
4346,seis,six
4347,selección,"selection, choice"
4350,sello,"stamp, seal"
4351,selva,"forest, jungle"
4352,semana,week
4356,semestre,semester
4357,semilla,seed
4358,seminario,"seminar, seminary"
4359,seña,"sign, mark, seal"
4360,senado,senate
4361,senador,senator
4362,señal,"sign, mark, token"
4366,sendero,(foot) path
4367,seno,"breast, bosom, cavity"
4368,señor,"sir, Mr, lord"
4369,señora,"Mrs., lady, madam"
4370,señorita,young woman
4371,sensación,"sensation, feeling"
4372,sensibilidad,sensitivity
4375,sentencia,"(legal) sentence, judgment"
4377,sentido,"sense, feeling"
4379,sentimiento,"feeling, sentiment"
4381,separación,separation
4383,septiembre,September
4385,ser,being
4388,serie,series
4389,seriedad,seriousness
4391,serpiente,snake
4392,servicio,"service, helpfulness"
4393,servidor,servant
4395,sesenta,sixty
4396,sesión,"session, meeting"
4397,setenta,seventy
4399,sexo,sex
4402,show,"show, display"
4403,si,"if, whether"
4406,sierra,"mountain range, saw"
4407,siesta,"siesta, afternoon nap"
4408,siete,seven
4409,siglo,"century, age"
4410,significado,meaning
4413,signo,"sign, mark, symbol"
4415,silencio,silence
4417,silla,"chair, seat"
4418,sillón,"armchair, seat"
4419,silueta,"silhouette, outline"
4422,símbolo,symbol
4424,simpatía,"sympathy, affinity"
4434,sindicato,trade union
4435,síndrome,syndrome
4436,sinfonía,symphony
4439,sino,"but, except, rather"
4440,síntesis,synthesis
4441,síntoma,symptom
4443,sirena,"siren, mermaid"
4444,sistema,system
4446,sitio,"place, space"
4447,situación,situation
4450,soberanía,sovereignty
4456,sobrino,nephew
4458,socialismo,socialism
4460,sociedad,society
4461,socio,"member, partner"
4462,sofá,"sofa, couch"
4464,software,software
4465,sol,sun
4468,soldado,soldier
4469,soledad,"loneliness, solitude"
4473,solicitud,"request, application"
4474,solidaridad,"solidarity, togetherness"
4482,solución,"solution, answer"
4484,sombra,"shade, shadow"
4485,sombrero,"hat, sombrero"
4490,sonido,sound
4494,sonrisa,smile
4495,sopa,soup
4498,soporte,"support, endorsement"
4502,sorpresa,surprise
4503,sospecha,suspicion
4511,subasta,auction
4518,sucesión,"succession, series"
4521,suceso,"event, incident"
4522,sucesor,successor
4525,sudor,"sweat, perspiration"
4527,sueldo,"salary, pay"
4528,suelo,"ground, floor"
4530,sueño,"dream, sleep"
4531,suerte,"luck, fortune"
4534,sufrimiento,suffering
4536,sugerencia,suggestion
4538,suicidio,suicide
4541,sujeto,"subject, individual"
4542,suma,"sum, amount, summary"
4547,suministro,"supply, provision"
4551,superficie,"surface, area"
4553,supervivencia,survival
4560,sur,south
4561,sureste,southeast
4566,suspensión,suspension
4568,suspiro,sigh
4569,sustancia,"substance, essence"
4571,sustitución,"replacement, substitution"
4573,susto,"fright, scare"
4576,suyo,"his, hers, yours (−fam), theirs"
4577,tabaco,"tobacco, cigarette, cigar"
4578,tabla,"chart, board, table, plank"
4580,talento,"talent, skill"
4581,talla,"size (of clothing), stature"
4582,taller,"workshop, shop"
4583,tamaño,"size, dimension"
4585,tambor,drum
4588,tanque,"tank, large container"
4590,tapa,"cover, lid"
4593,tarde,"afternoon, evening"
4596,tarea,"task, job"
4597,tarifa,"rate, tariff"
4598,tarjeta,card
4599,tasa,"rate, fee, levy"
4600,taxi,"taxi, cab"
4601,taza,"cup, bowl"
4602,te,you (obj/+fam)
4603,té,tea
4605,teatro,"theater, drama"
4606,techo,roof
4607,teclado,keyboard
4608,técnica,"technique, skill"
4610,técnico,technician
4611,tecnología,technology
4614,tejido,"fabric, tissue"
4615,tela,"cloth, fabric"
4616,tele,"TV, television"
4618,teléfono,"phone, telephone"
4619,televisión,"TV, television"
4620,televisor,television set
4621,tema,"theme, subject, topic"
4622,temática,theme
4624,temblor,"tremor, shudder, shiver"
4628,temor,fear
4629,temperatura,temperature
4630,templo,"temple, church"
4631,temporada,"season, period, time"
4634,tendencia,"tendency, style"
4638,teniente,"lieutenant, deputy mayor"
4640,tenis,tennis
4641,tensión,"tension, stress, strain"
4643,tentación,temptation
4645,teología,theology
4646,teoría,theory
4648,terapia,therapy
4650,tercio,third
4652,terminal,"terminal, final"
4654,término,"term (language), end"
4655,ternura,tenderness
4656,terraza,"terrace, balcony"
4657,terremoto,earthquake
4658,terreno,"ground, earth, terrain"
4662,territorio,territory
4663,terror,"terror, horror"
4664,terrorismo,terrorism
4665,terrorista,terrorist
4666,tesis,"thesis, exposition"
4667,tesoro,"treasure, thesaurus"
4668,testamento,"will, testament"
4669,testigo,witness
4670,testimonio,"testimony, evidence"
4671,texto,text
4672,textura,texture
4673,ti,you (obj prep-sg/+fam)
4674,tía,aunt
4676,tiempo,time (general)
4677,tienda,"shop, store, tent"
4679,tierra,"earth, land, ground"
4680,tigre,tiger
4681,timbre,"doorbell, bell, seal, stamp"
4683,tinta,ink
4684,tío,"uncle, guy"
4686,tipo,"type, kind"
4688,tiro,"throw, shot"
4689,titular,"headline, holder"
4691,título,"title, heading"
4692,toalla,towel
4696,tolerancia,tolerance
4698,toma,"outlet, dose, making"
4700,tomate,tomato
4701,tonelada,ton
4702,tono,tone
4703,tontería,"stupidity, stupid thing"
4706,toque,"touch, ringing, warning"
4708,tormenta,storm
4710,torneo,tournament
4712,toro,bull
4714,torre,tower
4715,tortura,torture
4717,tos,cough
4719,total,(sum) total
4720,totalidad,"whole, totality"
4723,trabajador,"worker, laborer"
4725,trabajo,"work, job, effort"
4726,tradición,tradition
4729,traducción,translation
4732,tráfico,"traffic, trade"
4734,tragedia,tragedy
4736,trago,"swig, drink"
4737,traición,"treason, betrayal"
4739,traje,"suit, dress, costume"
4740,trama,"plot, theme"
4741,trámite,"procedure, step, requirement"
4742,tramo,"section, stretch, plot"
4743,trampa,"trick, trap, hacer t.: to cheat"
4745,tranquilidad,"tranquility, peace"
4748,transacción,"transaction, deal"
4750,transcurso,"passing, course, lapse"
4751,transferencia,"transfer, transference"
4753,transformación,transformation
4755,transición,transition
4757,tránsito,"traffic, transit"
4758,transmisión,"broadcast, transmission"
4760,transparencia,"transparency, slide"
4763,transporte,"transportation, transport"
4764,tranvía,"trolley, tram, streetcar"
4765,trapo,"rag, cloth"
4767,trascendencia,"transcendent nature, significance"
4771,traslado,transfer
4773,trastorno,"confusion, trouble, upheaval"
4774,tratamiento,"treatment, processing"
4776,trato,"treatment, manner, agreement"
4778,trayecto,"trajectory, course, path"
4779,trayectoria,"trajectory, path"
4781,trece,thirteen
4782,tregua,"truce, rest"
4783,treinta,thirty
4785,tren,"train, convoy"
4787,tres,three
4788,trescientos,three hundred
4789,triángulo,triangle
4790,tribu,tribe
4791,tribunal,court
4792,trigo,wheat
4794,tristeza,sadness
4796,triunfo,"triumph, victory"
4797,tronco,"trunk, torso"
4798,trono,throne
4799,tropa,"troops, forces"
4802,trozo,"piece, chunk"
4803,truco,"trick, ruse"
4805,tú,you (subj-sg/+fam)
4806,tubo,"tube, pipe"
4807,tumba,"tomb, grave"
4809,tumor,"tumor, growth"
4810,túnel,tunnel
4812,turismo,tourism
4813,turista,tourist
4815,turno,"turn, shift, en t. a: around"
4816,tuyo,yours (sg/+fam)
4817,ubicación,"position, location"
4821,umbral,"threshold, outset"
4823,uña,"nail, fingernail, toenail"
4826,unidad,"unit, unity"
4828,uniforme,uniform
4829,unión,union
4832,universidad,"university, college"
4834,universo,universe
4835,uno,one
4837,urgencia,urgency
4842,uso,use
4843,usted,you (subj/–fam)
4844,usuario,user
4846,utilidad,"usefulness, utility"
4847,utilización,"use, utilization"
4849,vaca,cow
4850,vacaciones,vacation
4854,vacío,"emptiness, void"
4855,vacuna,"vaccine, vaccination"
4862,valle,valley
4863,valor,"value, worth"
4864,valoración,"assessment, valuation, evaluation"
4866,vamos,come on
4867,vanguardia,"vanguard, forefront"
4869,vapor,"vapor, steam"
4871,variación,variation
4873,variante,"variant, difference"
4875,variedad,variety
4877,varón,"male, man"
4879,vaso,"(drinking) glass, vase"
4881,vecino,neighbor
4882,vegetación,vegetation
4884,vehículo,"vehicle, car"
4885,veinte,twenty
4886,veinticinco,twenty-five
4887,veinticuatro,twenty-four
4888,vejez,old age
4889,vela,"candle, sail, vigil"
4891,velo,veil
4892,velocidad,"speed, velocity"
4894,vena,vein
4896,vendedor,salesperson
4898,veneno,"poison, venom"
4900,venganza,"revenge, vengeance"
4903,venta,sale
4904,ventaja,"advantage, benefit"
4905,ventana,window
4906,ventanilla,(vehicle) window
4908,verano,summer
4910,verbo,verb
4911,verdad,truth
4915,verdura,"vegetables, greenery"
4916,vereda,"path, sidewalk"
4917,vergüenza,embarrassment
4919,versión,"version, account"
4920,verso,"verse, poem"
4923,vestido,dress
4925,vez,"time (specific occurrence), en v. de: instead of"
4926,vía,"road, way, por v.: by means"
4929,viaje,"travel, trip"
4930,viajero,"traveler, passenger"
4931,vibración,vibration
4933,vicepresidente,vice president
4934,vicio,"vice, bad habit, defect"
4935,víctima,"victim, casualty"
4936,victoria,"victory, triumph"
4937,vida,life
4938,vídeo,video
4939,vidrio,"glass, pane"
4941,viento,"wind, scent"
4942,vientre,"womb, belly"
4943,viernes,Friday
4944,vigencia,validity
4946,vigilancia,"surveillance, vigilance"
4948,vigor,"force, strength, vigor"
4949,villa,"village, town"
4950,vinculación,"link, connection"
4952,vínculo,"tie, bond, link"
4953,vino,wine
4954,violación,"violation, rape"
4956,violencia,violence
4958,violín,violin
4959,virgen,virgin
4961,virtud,"virtue, quality"
4962,virus,virus
4964,visión,vision
4965,visita,"visit, visitor, guest"
4966,visitante,visitor
4968,víspera,eve
4969,vista,"view, sight"
4972,vitamina,vitamin
4973,viuda,widow
4974,vivienda,"housing, dwelling"
4977,vocación,"vocation, calling"
4978,volante,steering wheel
4980,volcán,volcano
4983,volumen,volume
4984,voluntad,"will, willpower, intention"
4987,vos,you (subj-sg/+fam)
4988,vosotros,you (subj-pl/+fam)
4989,votación,"vote, voting"
4991,voto,vote
4992,voz,voice
4993,vuelo,flight
4994,vuelta,"return, turn"
4998,web,"Internet, web"
4999,whisky,whisky
5000,y,and
5003,yacimiento,"deposit, field"
5004,yo,I (subj)
5005,zapatilla,"slipper, shoe"
5006,zapato,shoe
5007,zona,"area, zone"
